"","Fecha","Hora","Lugar","Observador","Mapa","Barrio_1","Década_2","Sexo_3","ConoceCiclovia_4","ComoConoce_5","ConoceZP_6","AsistCiclovia_7","ComoParticip_8","ConQuien_9","CirculaSinCoche_10a","Frecuencia_10b","Acuerdo_11","Frecuencia_12","Horario_13","Beneficios_14","Notas","ComoConoce_original"
"1","17/01/16","11h00-13h09","Parque Bolivar","E",NA,"San Pedro","80s","Mujer","Si","Boca a boca","No","No",NA,NA,"A pie","Cada Semana ",5,"Cada Semana","Tarde","5",NA,"Ciclo Viajeros"
"2","17/01/2016","10h00-12h00","Parque Bolivar","D",NA,"Zamora Huayco","60s","Hombre","Si","Encuentro directo","Si","No",NA,NA,"A pie","Cada día",1,"Nunca",NA,"1","obstaculiza el paso","Cortan el Paso"
"3","42386",NA,"Parque Bolivar","G",NA,"Ramon Pinto","90s","Hombre","No",NA,"No","No","A pie","Amigos","A pie","Cada día",4,"Mensual","Tarde","3",NA,"Encuestador"
"4","42386",NA,"Parque Bolivar","G",NA,"Centro","90s","Mujer","No",NA,"No","No","Bicicleta","Amigos","A pie","Cada día",5,"Cada Semana","Mañana","3",NA,"Encuestador"
"5","17/01/2016","10h00-12h00","Parque Bolivar","D",NA,"Celi Roman","60s","Hombre","No",NA,"No","No",NA,NA,"A pie","Cada día",5,"Cada Semana","Mañana","5",NA,"Encuestador"
"6","42386",NA,"Parque Bolivar","G",NA,"Juan de Salinas","80s","Hombre","No",NA,"No","No",NA,NA,"A pie","Cada día",1,"Nunca","Noche","3",NA,"Encuestador"
"7","17/01/2016","10h00-12h00","Parque Bolivar","D",NA,"Pedestal","80s","Hombre","No",NA,"No","No",NA,NA,"A pie","Cada día",3,"Cada Semana","Mañana","5",NA,"Encuestador"
"8","17/01/2016","10h00-12h00","Parque Bolivar","D",NA,"Zona del hospital","80s","Hombre","No",NA,"No","No",NA,NA,"A pie","Cada día",5,"Cada Semana","Mañana","5",NA,"Encuestador"
"9","17/01/2016","10h00-12h00","Parque Bolivar","D",NA,"Cuarto centenario","80s","Hombre","No",NA,"Si","No",NA,NA,"A pie","Cada día",3,"De vez en cuando","Noche","4",NA,"Encuestador"
"10","42386",NA,"Parque Bolivar","G",NA,"Centro","90s","Hombre","No",NA,"No","No",NA,NA,"A pie","Cada día",4,"De vez en cuando","Tarde","4",NA,"Encuestador"
"11","42386",NA,"Parque Bolivar","G",NA,"Mercadillo ","90s","Hombre","No",NA,"No","No",NA,NA,"A pie","Cada día",4,"Mensual","Tarde","4",NA,"Encuestador"
"12","42386",NA,"Parque Bolivar","G",NA,"San Jose","90s","Mujer","No",NA,"No","No",NA,NA,"A pie","Cada día",3,"Nunca","Mañana","3",NA,"Encuestador"
"13","42386",NA,"Parque Bolivar","G",NA,"Ibarra av Universitaria","90s","Hombre","No",NA,"No","No",NA,NA,"A pie","Cada día",3,"De vez en cuando","Tarde","3",NA,"Encuestador"
"14","42386",NA,"Parque Bolivar","G",NA,"18 de noviembre","90s","Hombre","No",NA,"No","No",NA,NA,"A pie","Cada día",3,"De vez en cuando","Mañana","3",NA,"Encuestador"
"15","42386",NA,"Parque Bolivar","G",NA,"San Sebastián","90s","Hombre","No",NA,"No","No",NA,NA,"A pie","Cada día",5,"Cada Semana","Mañana","3",NA,"Encuestador"
"16","42386",NA,"Parque Bolivar","G",NA,"San Sebastián","90s","Hombre","No",NA,"No","No",NA,NA,"A pie","Cada día",5,"Mensual","Mañana","3",NA,"Encuestador"
"17","42386",NA,"Parque Bolivar","G",NA,"Centro","90s","Hombre","No",NA,"No","No",NA,NA,"A pie","Cada día",2,"Nunca","Mañana","2",NA,"Encuestador"
"18","17/01/2016","10h00-12h00","Parque Bolivar","D",NA,"Centro","90s","Mujer","No",NA,"No","No",NA,NA,"A pie","Cada día",1,"Nunca","Mañana","5",NA,"Encuestador"
"19","17/01/2016","10h00-12h00","Parque Bolivar","D",NA,"Julio Ordoñez","90s","Hombre","No",NA,"No","No",NA,NA,"A pie","Cada día",1,"Nunca","Mañana","5","vida personal","Encuestador"
"20","42384","15h00 -17h00","Loja","J",0,"Motupe","70s","Hombre","Si","Encuentro directo","Si","No",NA,NA,"A pie","Cada Semana ",1,"Cada Semana","Mañana","5","Ayuda a la salud","Fisicamente "
"21","17/01/2016","10h00-12h00","Parque Bolivar","D",NA,"Colinas Lojanas","90s","Mujer","Si","Boca a boca","No","No",NA,NA,"A pie","Cada Semana ",5,"Mensual","Mañana","4",NA,"Gente"
"22","17/01/2016","10h00-12h00","Parque Bolivar","D",NA,"Yahuarcuna","50s","Hombre","No","Municipio","Si","No",NA,NA,"Bus","Cada día",5,"Nunca","Mañana","4",NA,"Municipio"
"23","42384","14:30h00-18:30h00","Supermaxi","B",1,"Pradera","90s","Mujer","No","Municipio","No","No",NA,NA,"A pie","Cada día",5,"Mensual","Tarde","5",NA,"Municipio"
"24","42386","15h00 -17h00","Loja","H",0,"Sauces","90s","Hombre","Si","Municipio","No","A veces","A pie","Sólo","A pie","Cada día",4,"Cada Semana","Mañana","4",NA,"Municipio"
"25","42019","15h00 -17h00","Loja","I",0,"La Banda","90s","Mujer","Si","Municipio","No","A veces","Bicicleta","Sólo","Bicicleta ","Cada día",4,"Cada Semana","Mañana","5",NA,"Municipio"
"26","42384","15h00 -17h00","Loja","J",0,"Independencia","80s","Mujer","Si","Municipio","Si","A veces","Bicicleta","Amigos","A pie","Cada Semana ",5,"Cada Semana","Noche","5","Beneficios para la ciudad","Municipio"
"27","42387","15h00 -17h00","Loja","H",0,"Las Pitas","90s","Hombre","Si","Municipio","No","A veces","Bicicleta","Sólo","A pie","Cada Semana ",4,"Cada Semana","Mañana","4",NA,"Municipio"
"28",NA,NA,NA,"F",NA,"Centro","70s","Hombre","Si","Municipio","No","A veces","A pie","Sólo","A pie","De vez en cuando",4,"Mensual","Mañana","4",NA,"Municipio"
"29","42384","15h00 -17h00","Loja","K",0,"Urb. Caminos del Sol","80s","Hombre","Si","Municipio","Si","A veces","Bicicleta","Amigos","Bicicleta ","De vez en cuando",5,"De vez en cuando","Noche","5","Beneficia a la salud","Municipio"
"30","42387","15h00 -17h00","Loja","H",0,"La Paz","90s","Hombre","Si","Municipio","No","A veces","Bicicleta","Familia ","Bicicleta ","Mensual",5,"Mensual","Mañana","5",NA,"Municipio"
"31","17/01/2016","10h00-12h00","Parque Bolivar","D",NA,"Juan de Salinas","60s","Hombre","Si","Municipio","No","No",NA,NA,"A pie","Cada día",3,"Nunca","Mañana","4",NA,"Municipio"
"32","17/01/2016","10h00-12h00","Parque Bolivar","D",NA,"Julio Ordoñez","60s","Hombre","Si","Municipio","Si","No",NA,NA,"A pie","Cada día",5,"Cada Semana","Mañana","4",NA,"Municipio"
"33",NA,NA,NA,"F",NA,"Centro","60s","Hombre","Si","Municipio","No","No",NA,NA,"A pie","Cada día",4,"Mensual","Mañana","5",NA,"Municipio"
"34","42386",NA,"Parque Bolivar","G",NA,"Ramon Pinto","80s","Hombre","Si","Municipio","No","No",NA,NA,"A pie","Cada día",2,"Nunca","Noche","2",NA,"Municipio"
"35",NA,NA,NA,"F",NA,"Centro","80s","Hombre","Si","Municipio","Si","No",NA,NA,"A pie","Cada día",4,"Mensual","Tarde","4",NA,"Municipio"
"36","42386","15h00 -17h00","Loja","H",0,"La Paz","90s","Hombre","Si","Municipio","No","No",NA,NA,"A pie","Cada día",4,"De vez en cuando","Noche","4",NA,"Municipio"
"37","42387","15h00 -17h00","Loja","H",0,"La Banda","90s","Hombre","Si","Municipio","No","No",NA,NA,"A pie","Cada día",3,"De vez en cuando","Tarde","3",NA,"Municipio"
"38","17/01/2016","10h00-12h00","Parque Bolivar","D",NA,"Centro","90s","Hombre","Si","Municipio","Si","No",NA,NA,"A pie","Cada día",5,"De vez en cuando","Mañana","5",NA,"Municipio"
"39","17/01/2016","10h00-12h00","Parque Bolivar","D",NA,"Las Peñas","90s","Mujer","Si","Municipio","Si","No",NA,NA,"Bus","Cada día",4,"De vez en cuando","Mañana","4",NA,"Municipio"
"40","42019","15h00 -17h00","Loja","I",0,"Las Pitas","90s","Mujer","Si","Municipio","No","No",NA,NA,"A pie","Cada día",2,"Cada Semana","Mañana","3",NA,"Municipio"
"41","17/01/16","11h00-13h15","Parque Bolivar","E",NA,"Cuarto centenario","60s","Hombre","Si","Municipio","No","No","A pie","Familia ","A pie","Cada Semana ",2,"Mensual","Tarde","5",NA,"Municipio"
"42","42386","12h00-13h00","Punzara","A",1,"Isidro Ayora","90s","Mujer","Si","Municipio","No","No",NA,NA,"A pie","Cada Semana ",4,"De vez en cuando","Mañana","5",NA,"Municipio"
"43","42386","15h00 -17h00","Loja","H",0,"Las Pitas","90s","Hombre","Si","Municipio","No","No",NA,NA,"A pie","Cada Semana ",3,"Mensual","Mañana","4",NA,"Municipio"
"44","42386","15h00 -17h00","Loja","H",0,"Las Pitas","90s","Hombre","Si","Municipio","No","No",NA,NA,"A pie","Mensual",3,"Mensual","Mañana","4",NA,"Municipio"
"45","17/01/2016","10h00-12h00","Parque Bolivar","D",NA,"San Cayetano","40s","Hombre","Si","Municipio","Si","Si","A pie","Sólo","A pie","Cada día",5,"De vez en cuando","Mañana","4",NA,"Municipio"
"46","42384","14h00-17h28","San Sebastian","C",NA,"San Pedro","80s","Mujer","Si","Municipio","Si","Si","Bicicleta","Familia ","A pie","Cada día",5,"Mensual","Mañana","2",NA,"Municipio"
"47","42386",NA,"Parque Bolivar","G",NA,"San Sebastián","90s",NA,"Si","Municipio","No","Si","A pie","Sólo","A pie","Cada día",2,"De vez en cuando","Tarde","5",NA,"Municipio"
"48","42019","15h00 -17h00","Loja","I",0,"Sauces","90s","Mujer","Si","Municipio","No","Si","Bicicleta","Familia ","Bicicleta ","Cada día",5,"Cada Semana","Mañana","4",NA,"Municipio"
"49","42384","14h00-17h17","San Sebastian","C",NA,"Tierras Coloradas","90s","Mujer","Si","Municipio","Si","Si","Bicicleta","Amigos","A pie","Cada día",5,"Cada Semana","Noche","5",NA,"Municipio"
"50","42386","15h00 -17h00","Loja","H",0,"Sauces","80s","Hombre","Si","Municipio","No","Si","Bicicleta","Sólo","Bicicleta ","Cada Semana ",5,"Cada Semana","Mañana","5",NA,"Municipio"
"51","42386","15h00 -17h00","Loja","H",0,"Sauces","90s","Hombre","Si","Municipio","No","Si","Bicicleta","Sólo","Bicicleta ","Cada Semana ",4,"Cada Semana","Mañana","4",NA,"Municipio"
"52","17//2016","11H00-13H00","Parque Bolivar","E",NA,"Daniel Alvarez","80s","Hombre","Si","Municipio","Si",NA,NA,NA,"A pie","Cada Semana ",1,"De vez en cuando","Noche","3",NA,"Municipio"
"53","42384","17:45h00-18:30h00","Tebaida","B",1,"La Tebaida","90s","Mujer","No","Boca a boca","No","No",NA,NA,"A pie","Cada día",5,"Cada Semana","Mañana","5 y 1",NA,"Otro: Comentarios"
"54","42387","18:00h00-18:30h00","Tebaida","B",1,"La Banda","90s","Hombre","Si","Otro","Si","No",NA,NA,"A pie","Cada Semana ",5,"Mensual","Tarde","3",NA,"Otro: Medio"
"55","42384","15:00h00-18:30h00","Parque Lineal","B",1,"Daniel Alvarez","90s","Mujer","No","Otro","No","No",NA,NA,"A pie","Cada día",5,"De vez en cuando","Tarde","1",NA,"Otro: Propaganda"
"56","42384","17:00h00-18:30h00","Cancha ""La Tebaida""","B",1,"Época","90s","Hombre","No","Otro","Si","Si","Bicicleta","Amigos","Bicicleta y a pie","Cada día",5,"Cada Semana","Mañana","5",NA,"Otro: Propaganda"
"57","42386","12h00-13h00","Punzara","A",1,"Zamora Huayco","70s","Mujer","No","Participante","No","No",NA,NA,"A pie","Cada día",5,"Cada Semana","Tarde","1",NA,"Participante"
"58","42386","12h00-13h00","Punzara","A",1,"Chuquiribamba","80s","Hombre","No","Participante","No","No",NA,NA,"A pie","Cada día",3,"Cada Semana","Mañana","5",NA,"Participante"
"59","42384","15:30h00-18:30h00","Parque Lineal","B",1,"Pradera","90s","Hombre","No","Participante","No","No",NA,NA,"A pie","Cada día",5,"Cada Semana","Mañana","5",NA,"Participante"
"60","42387","18:00h00-18:30h00","Parque de los Enamorados","B",1,"Molinos","90s","Hombre","No","Participante","Si","No",NA,NA,"A pie","Cada día",2,"Nunca",NA,"1",NA,"Participante"
"61","42386","12h00-13h00","Punzara","A",1,"Shushuhuaico","80s","Mujer","No","Participante","No","No",NA,NA,"Bicicleta ","De vez en cuando",5,"De vez en cuando","Mañana","3",NA,"Participante"
"62","42384","14h00-17h21","San Sebastian","C",NA,"La Banda","60s","Mujer","Si","Participante","Si","A veces","A pie","Amigos","A pie","Cada día",4,"Mensual","Noche","3",NA,"Participante"
"63","17/01/16","11h00-13h18","Parque Bolivar","E",NA,"El electrisista","70s","Mujer","Si","Participante","No","A veces","Bicicleta","Familia ","Bicicleta ","Cada día",5,"Cada Semana","Mañana","1","Aporta ala salud y vida familiar de todos los lojanos.","Participante"
"64","42386",NA,"Parque Bolivar","G",NA,"18 y colon","80s","Hombre","Si","Participante","No","A veces","Bicicleta","Familia ","A pie","Cada día",5,"De vez en cuando","Mañana","3",NA,"Participante"
"65","17/01/2016","10h00-12h00","Parque Bolivar","D",NA,"Las Peñas","80s","Mujer","Si","Participante","Si","A veces","Bicicleta","Familia ","A pie","Cada día",5,"Cada Semana","Mañana","5",NA,"Participante"
"66","42386",NA,"Parque Bolivar","G",NA,"Juan de Salinas","90s","Hombre","Si","Participante","No","A veces","Bicicleta","Amigos","A pie","Cada día",5,"Cada Semana","Mañana","3",NA,"Participante"
"67","42386","15h00 -17h00","Loja","H",0,"Las Pitas","80s","Hombre","Si","Participante","No","A veces","Bicicleta","Amigos","Bicicleta ","De vez en cuando",4,"Cada Semana","Mañana","5",NA,"Participante"
"68","42386","12h00-13h00","Punzara","A",1,"Pradera","90s","Hombre","Si","Participante","No","A veces","Bicicleta","Amigos","Bicicleta ","De vez en cuando",3,"Cada Semana","Mañana","4",NA,"Participante"
"69","42384","17:00h00-18:30h00","Universidad Nacional de Loja","B",1,"San Sebastián","80s","Hombre","Si","Participante","Si","No",NA,NA,"A pie","Cada día",5,"De vez en cuando","Mañana","5",NA,"Participante"
"70","42386","12h00-13h00","Punzara","A",1,"La Tebaida","90s","Mujer","Si","Participante","Si","No",NA,NA,"A pie","Cada día",4,"De vez en cuando","Mañana","4",NA,"Participante"
"71","42387","18:00h00-18:30h00","Tebaida","B",1,"Las Palmas","90s","Mujer","Si","Participante","No","No",NA,NA,"Bicicleta y a pie","Cada día",4,"De vez en cuando","Noche","3",NA,"Participante"
"72","42386","12h00-13h00","Punzara","A",1,"Tierras Coloradas","90s","Hombre","Si","Participante","No","No",NA,NA,"A pie","De vez en cuando",5,"Cada Semana","Noche","1","la cilclo via en la noche ayudaria a activar mas las calles de la ciudad por tanto se volveria mas segura por la noche","Participante"
"73","17/01/2016","10h00-12h00","Parque Bolivar","D",NA,"Occidental","90s","Hombre","Si","Participante","Si","Si","Bicicleta","Amigos","A pie","Cada día",5,"Cada Semana","Noche","5",NA,"Participante"
"74","42384","14h00-17h05","San Sebastian","C",NA,"Daniel Alvarez","90s","Hombre","Si","Participante","Si","Si","Bicicleta","Amigos","A pie","Cada día",5,"Cada Semana","Mañana","5",NA,"Participante"
"75","42384","15h00 -17h00","Loja","J",0,"La Paz","90s","Hombre","Si","Participante","Si","Si","Bicicleta","Amigos","Bicicleta ","Cada Semana ",5,"Cada Semana","Mañana","4","Para mejorar las condiciones fisicas","Participante"
"76","17/01/2016","10h00-12h00","Parque Bolivar","D",NA,"Plateado Alto","70s","Hombre","Si","Boca a boca","No","No",NA,NA,"A pie","Cada día",4,"Nunca","Mañana","4",NA,"Por un Hijo"
"77","42384","18:00h00-18:30h00","Parque de los Enamorados","B",1,"Daniel Alvarez","90s","Hombre","No","Prensa","No","No","Bicicleta","Amigos","Bicicleta ","Mensual",5,"Cada Semana","Tarde","5",NA,"Prensa "
"78","17/01/2016","10h00-12h00","Parque Bolivar","D",NA,"Peñon del Oeste","90s","Hombre","No","Prensa","Si","No",NA,NA,"A pie","Cada día",3,"Nunca","Mañana","3",NA,"Prensa "
"79","42384","14:30h00-18:30h00","Supermaxi","B",1,"San Sebastián","90s","Hombre","No","Prensa","No","No",NA,NA,"A pie","Cada día",5,"Cada Semana","Noche","5 y 1",NA,"Prensa "
"80","42384","14:30h00-18:30h00","Supermaxi","B",1,"Argelia","90s","Mujer","No","Prensa","No","No",NA,NA,"A pie","Cada día",3,"Mensual","Mañana","5",NA,"Prensa "
"81","42385","17:50h00-18:30h00","Tebaida","B",1,"La Tebaida","90s","Hombre","No","Prensa","No","No",NA,NA,"A pie","Cada día",5,"Cada Semana","Noche","5",NA,"Prensa "
"82","42384","14:30h00-18:30h00","Supermaxi","B",1,"La Banda","90s","Hombre","No","Prensa","No","No",NA,NA,"A pie y Vehículo","Cada día",4,"De vez en cuando",NA,"3",NA,"Prensa "
"83","42384","15:00h00-18:30h00","Parque Lineal","B",1,"Estancia del Río","90s","Hombre","No","Prensa","No","No",NA,NA,"Otro Vehículo","Cada día",5,"De vez en cuando","Mañana","1",NA,"Prensa "
"84","42384","17:15h00-18:30h00","Universidad Nacional de Loja","B",1,"Parque Real","90s","Hombre","No","Prensa","Si","No",NA,NA,"Otro Vehículo","Cada Semana ",5,"Cada Semana","Mañana","1",NA,"Prensa "
"85","42384","14h00-17h12","San Sebastian","C",NA,"La Banda","60s","Mujer","Si","Prensa","Si","A veces","A pie","Amigos","A pie","Cada día",5,"Mensual","Tarde","5",NA,"Prensa "
"86",NA,NA,NA,"F",NA,"Centro","70s","Mujer","Si","Prensa","Si","A veces","A pie","Familia ","A pie","Cada día",5,"Cada Semana","Noche","4",NA,"Prensa "
"87","17/01/16","11h00-13h08","Parque Bolivar","E",NA,"Clodoveo","80s","Hombre","Si","Prensa","No","A veces",NA,NA,"A pie","Cada día",5,"Mensual","Mañana","1",NA,"Prensa "
"88","42386","12h00-13h00","Punzara","A",1,"Carigan","80s","Mujer","Si","Prensa","No","A veces","A pie","Sólo","A pie","Cada día",5,"De vez en cuando","Tarde","5","las ciclovias son buenas","Prensa "
"89","42384","14h00-17h00","San Sebastian","C",NA,"Las Pitas","80s","Mujer","Si","Prensa","Si","A veces","A pie","Familia ","A pie","Cada día",5,"Cada Semana","Mañana","5",NA,"Prensa "
"90","42386","12h00-13h00","Punzara","A",1,"San Vicente ","90s","Hombre","Si","Prensa","No","A veces","Patineta","Sólo","Bicicleta y a pie","Cada día",3,"De vez en cuando","Tarde","5",NA,"Prensa "
"91","42386",NA,"Parque Bolivar","G",NA,"Época","90s","Hombre","Si","Prensa","No","A veces","Bicicleta","Amigos","A pie","Cada día",5,"Cada Semana","Mañana","3",NA,"Prensa "
"92","42384","14h00-17h02","San Sebastian","C",NA,"Zamora Huayco","90s","Hombre","Si","Prensa","Si","A veces","A pie","Amigos","A pie","Cada día",5,"Mensual","Noche","4",NA,"Prensa "
"93","42384","14h00-17h27","San Sebastian","C",NA,"Daniel Alvarez","90s","Hombre","Si","Prensa","Si","A veces","A pie","Amigos","A pie","Cada día",5,"Mensual","Mañana","4",NA,"Prensa "
"94","17/2016","11h00-13h02","Parque Bolivar","E",NA,"Esteban Godoy","90s","Hombre","Si","Prensa","Si","A veces","A pie","Familia ","A pie","Cada Semana ",1,"De vez en cuando","Tarde","1",NA,"Prensa "
"95","42387","15h00 -17h00","Loja","H",0,"Sauces","90s","Hombre","Si","Prensa","No","A veces","Bicicleta","Familia ","Bicicleta ","Cada Semana ",4,"Cada Semana","Mañana","5",NA,"Prensa "
"96","42386","12h00-13h00","Punzara","A",1,NA,"90s","Hombre","Si","Prensa","No","A veces","Bicicleta","Sólo","Bicicleta y a pie","Mensual",1,"De vez en cuando","Tarde","3",NA,"Prensa "
"97",NA,NA,NA,"F",NA,"Centro","80s","Hombre","Si","Prensa","No","A veces","A pie","Sólo","A pie","Cada Semana ",5,"De vez en cuando","Mañana","3",NA,"Prensa "
"98","42383","15h00 -17h00","Loja","I",0,"La Paz","90s","Mujer","Si","Prensa","Si","A veces","Bicicleta","Sólo","Bicicleta ","Cada Semana ",5,"Mensual","Tarde","4","Ayuda a la salud","Prensa "
"99","42384","16:00h00-18:30h00","Parque Lineal","B",1,"Ciudadela ""El electricista""","60s","Mujer","Si","Prensa","Si","No",NA,NA,"A pie","Cada día",5,"Cada Semana","Mañana","5",NA,"Prensa "
"100","42386","12h00-13h00","Punzara","A",1,"Carigan","80s","Hombre","Si","Prensa","No","No",NA,NA,"A pie","Cada día",5,"Cada Semana","Tarde","5",NA,"Prensa "
"101","42384","15h00 -17h00","Loja","J",0,"Independencia","80s","Mujer","Si","Prensa","No","No",NA,NA,"A pie","Cada día",5,"Nunca","Tarde","5",NA,"Prensa "
"102","42384","15h00 -17h00","Loja","J",0,"Motupe","80s","Mujer","Si","Prensa","Si","No",NA,NA,"A pie","Cada día",5,"De vez en cuando","Mañana","5","Ayuda a la salud","Prensa "
"103","17/01/2016","10h00-12h00","Parque Bolivar","D",NA,"Pucacocha","80s","Mujer","Si","Prensa","Si","No",NA,NA,"A pie","Cada día",4,"De vez en cuando","Tarde","5","ciudad recretiva y saludable","Prensa "
"104",NA,NA,NA,"F",NA,"Centro","80s","Mujer","Si","Prensa","No","No",NA,NA,"A pie","Cada día",5,"Cada Semana","Mañana","5",NA,"Prensa "
"105","42019","15h00 -17h00","Loja","I",0,"Las Pitas","80s","Mujer","Si","Prensa","No","No",NA,NA,"A pie","Cada día",3,"De vez en cuando","Tarde","4",NA,"Prensa "
"106","17/01/16","11h00-13h13","Parque Bolivar","E",NA,"Clodoveo","90s","Mujer","Si","Prensa","No","No","A pie","Sólo","A pie","Cada día",2,"De vez en cuando","Tarde","1","El cierre de la via en la zona peatonal no benefiacia alos locales comerciales.","Prensa "
"107","42386","12h00-13h00","Punzara","A",1,"Clodoveo","90s","Hombre","Si","Prensa","Si","No",NA,NA,"A pie","Cada día",5,"De vez en cuando","Mañana","5",NA,"Prensa "
"108","42386",NA,"Parque Bolivar","G",NA,"Las Peñas","90s","Hombre","Si","Prensa","No","No",NA,NA,"A pie","Cada día",5,"Cada Semana","Mañana","3",NA,"Prensa "
"109","17/01/2016","10h00-12h00","Parque Bolivar","D",NA,"Malacatos","90s","Mujer","Si","Prensa","No","No",NA,NA,"A pie","Cada día",4,"Nunca","Mañana","4",NA,"Prensa "
"110",NA,NA,NA,"F",NA,"Centro","90s","Hombre","Si","Prensa","No","No",NA,NA,"A pie","Cada día",4,"De vez en cuando","Tarde","5",NA,"Prensa "
"111","42384","16:00h00-18:30h00","Parque Lineal","B",1,"San Pedro","90s","Hombre","Si","Prensa","Si","No",NA,NA,"A pie","Cada día",5,"Mensual","Tarde","5",NA,"Prensa "
"112","42384","14:30h00-18:30h00","Supermaxi","B",1,"Conzacola","90s","Hombre","Si","Prensa","Si","No","Bicicleta","Amigos","A pie","Cada día",4,"De vez en cuando","Mañana","3",NA,"Prensa "
"113","42384","15h00 -17h00","Loja","K",0,"La Independencia","50s","Mujer","Si","Prensa","Si","No",NA,NA,"A pie","Cada Semana ",5,"Mensual","Tarde","5","Beneficia a la salud","Prensa "
"114","42384","15h00 -17h00","Loja","J",0,"Sauces Norte ","70s","Mujer","Si","Prensa","No","No",NA,NA,"A pie","Cada Semana ",3,"Mensual","Tarde",NA,"Evita la contaminacion ","Prensa "
"115","42386","12h00-13h00","Punzara","A",1,"El electrisista","80s","Hombre","Si","Prensa","No","No",NA,NA,"A pie","De vez en cuando",5,"Cada Semana","Mañana","5",NA,"Prensa "
"116",NA,NA,NA,"F",NA,"Centro","60s","Mujer","Si","Prensa","No","No",NA,NA,"A pie","Cada Semana ",5,"De vez en cuando","Tarde","5",NA,"Prensa "
"117",NA,NA,NA,"F",NA,"Centro","70s","Mujer","Si","Prensa","No","No",NA,NA,"A pie","Cada Semana ",5,"Cada Semana","Mañana","5",NA,"Prensa "
"118","42384","15h00 -17h00","Loja","J",0,"Motupe","90s","Mujer","Si","Prensa","No","No",NA,NA,NA,NA,5,"Mensual","Noche","5","Salud de la persona ","Prensa "
"119","42386","12h00-13h00","Punzara","A",1,"Carigan","80s","Hombre","Si","Prensa","No","Si","Bicicleta","Amigos","A pie","Cada día",4,"Cada Semana","Mañana","4","que se siga fomentando que incide al deporte y al turismo","Prensa "
"120","42386","12h00-13h00","Punzara","A",1,"Sauces","80s","Hombre","Si","Prensa","Si","Si","A pie","Sólo","A pie","Cada día",5,"De vez en cuando","Mañana","3","es una buena opcion porque hacemos dep0orte y conocemos personas","Prensa "
"121","17/01/2016","10h00-12h00","Parque Bolivar","D",NA,"Los Chorrillos","80s","Hombre","Si","Prensa","Si","Si","A pie","Familia ","A pie","Cada día",5,"Cada Semana","Mañana","1",NA,"Prensa "
"122","42384","17:30h00-18:30h00","Tebaida","B",1,"Ciudadela Zamora","80s","Hombre","Si","Prensa","Si","Si","Bicicleta","Amigos","A pie","Cada día",5,"Cada Semana","Mañana","5 y 1",NA,"Prensa "
"123","42386","12h00-13h00","Punzara","A",1,"Celi Roman","90s","Mujer","Si","Prensa","Si","Si","A pie, Patines","Amigos","A pie","Cada día",5,"Cada Semana","Mañana","5","buena obra","Prensa "
"124","42384","15h00 -17h00","Loja","J",0,"El Valle","90s","Mujer","Si","Prensa","Si","Si","Bicicleta","Familia ","Bicicleta ","Cada día",5,"Cada Semana","Noche","5","Salud, fisico, animo ","Prensa "
"125","17/01/16","11h00-13h25","Parque Bolivar","E",NA,"Centro","70s","Mujer","Si","Prensa","No","Si","Bicicleta","Amigos","A pie","Cada Semana ",4,"Mensual","Tarde","3",NA,"Prensa "
"126","42387","15h00 -17h00","Loja","H",0,"Sauces","80s","Hombre","Si","Prensa","No","Si","Bicicleta","Familia ","Bicicleta ","Cada Semana ",5,"Cada Semana","Mañana","5",NA,"Prensa "
"127","42387","15h00 -17h00","Loja","H",0,"La Paz","80s","Hombre","Si","Prensa","No","Si","Bicicleta","Sólo","Bicicleta ","Cada Semana ",4,"Mensual","Mañana","4",NA,"Prensa "
"128","42384","15h00 -17h00","Loja","K",0,"Las Pitas","90s","Hombre","Si","Prensa","No",NA,NA,NA,"A pie","Cada día",5,"Mensual","Mañana","5",NA,"Prensa "
"129","42384","15h00 -17h00","Loja","K",0,"Sauces Norte ","80s","Mujer","Si","Otro","No",NA,NA,NA,"A pie","Cada día",4,"De vez en cuando","Noche","5",NA,"Publicidad"
"130","17/01/2016","10h00-12h00","Parque Bolivar","D",NA,"Lojana de Turismo","90s","Hombre","No","Redes Sociales","No","No",NA,NA,"A pie","Cada día",5,"Cada Semana","Mañana","5",NA,"Redes Sociales"
"131","42384","15:30h00-18:30h00","Parque Lineal","B",1,"Las Palmas","90s","Mujer","No","Redes Sociales","No","No",NA,NA,"A pie","Cada día",5,"Cada Semana","Tarde","5 y 1",NA,"Redes Sociales"
"132","42385","18:00h00-18:30h00","Tebaida","B",1,"Pradera","90s","Hombre","No","Redes Sociales","No","No",NA,NA,"A pie","Cada día",5,"Cada Semana","Tarde","5 y 1",NA,"Redes Sociales"
"133","42384","15h00 -17h00","Loja","J",0,"Independencia","00s","Hombre","Si","Redes Sociales","No","A veces","Bicicleta","Sólo","A pie","Cada día",5,"Cada Semana","Mañana","1",NA,"Redes Sociales"
"134","42384","14h00-17h19","San Sebastian","C",NA,"Rosales","70s","Mujer","Si","Redes Sociales","Si","A veces","A pie","Familia ","A pie","Cada día",4,"Cada Semana","Tarde","2",NA,"Redes Sociales"
"135","42386",NA,"Parque Bolivar","G",NA,"San Jose","90s","Hombre","Si","Redes Sociales","No","A veces","Bicicleta","Amigos","A pie","Cada día",5,"De vez en cuando","Mañana","3",NA,"Redes Sociales"
"136","42386",NA,"Parque Bolivar","G",NA,"Av Orillas del Zamora","90s","Mujer","Si","Redes Sociales","No","A veces","Bicicleta","Amigos","A pie","Cada día",5,"Mensual","Tarde","3",NA,"Redes Sociales"
"137","42386",NA,"Parque Bolivar","G",NA,"La Paz","90s","Mujer","Si","Redes Sociales","No","A veces","Bicicleta","Amigos","A pie","Cada día",5,"Cada Semana","Mañana","3",NA,"Redes Sociales"
"138","42386",NA,"Parque Bolivar","G",NA,"Las Pitas","90s","Mujer","Si","Redes Sociales","No","A veces","Bicicleta","Amigos","A pie","Cada día",5,"De vez en cuando","Mañana","3",NA,"Redes Sociales"
"139","42386",NA,"Parque Bolivar","G",NA,"Sauces Norte ","90s","Mujer","Si","Redes Sociales","No","A veces","Bicicleta","Amigos","A pie","Cada día",5,"De vez en cuando","Mañana","3",NA,"Redes Sociales"
"140","42386",NA,"Parque Bolivar","G",NA,"El Valle","90s","Hombre","Si","Redes Sociales","No","A veces","Bicicleta","Amigos","A pie","Cada día",5,"Mensual","Mañana","3",NA,"Redes Sociales"
"141","42387","15h00 -17h00","Loja","H",0,"Las Pitas","90s","Mujer","Si","Redes Sociales","No","A veces","Bicicleta","Sólo","Bicicleta ","Cada día",4,"Cada Semana","Noche","4",NA,"Redes Sociales"
"142",NA,NA,NA,"F",NA,"Centro","90s","Hombre","Si","Redes Sociales","Si","A veces","Bicicleta","Amigos","A pie","Cada día",5,"Cada Semana","Mañana","5",NA,"Redes Sociales"
"143",NA,NA,NA,"F",NA,"Centro","90s","Hombre","Si","Redes Sociales","No","A veces","A pie","Amigos","Bicicleta ","Cada día",5,"Cada Semana","Mañana","5",NA,"Redes Sociales"
"144",NA,NA,NA,"F",NA,"Centro","90s","Hombre","Si","Redes Sociales","No","A veces","Bicicleta","Sólo","A pie","Cada día",5,"Cada Semana","Noche","4",NA,"Redes Sociales"
"145",NA,NA,NA,"F",NA,"Centro","90s","Mujer","Si","Redes Sociales","No","A veces","Bicicleta","Amigos","A pie","Cada día",5,"Cada Semana","Mañana","4","tanto para la salud como para la ciudad ","Redes Sociales"
"146",NA,NA,NA,"F",NA,"Centro","90s","Mujer","Si","Redes Sociales","Si","A veces","Bicicleta","Amigos","A pie","Cada día",5,"Cada Semana","Noche","3",NA,"Redes Sociales"
"147","42385","15:00h00-15:30h00","Parque de los Enamorados","B",1,"Daniel Alvarez","90s","Hombre","Si","Redes Sociales","Si","A veces","Bicicleta","Sólo","A pie","Cada día",5,"Mensual","Noche","5",NA,"Redes Sociales"
"148","42019","15h00 -17h00","Loja","I",0,"Sauces","90s","Mujer","Si","Redes Sociales","No","A veces","Bicicleta","Sólo","Bicicleta ","Cada día",4,"Mensual","Tarde","4",NA,"Redes Sociales"
"149","42384","14h00-17h08","San Sebastian","C",NA,"Argelia","90s","Mujer","Si","Redes Sociales","Si","A veces","A pie","Familia ","A pie","Cada día",5,"Cada Semana","Mañana","5",NA,"Redes Sociales"
"150","42384","14h00-17h06","San Sebastian","C",NA,"Rosales","90s","Mujer","Si","Redes Sociales","Si","A veces","A pie","Amigos","A pie","Cada día",4,"Cada Semana","Mañana","3",NA,"Redes Sociales"
"151","42387","15h00 -17h00","Loja","H",0,"La Paz","80s","Mujer","Si","Redes Sociales","No","A veces","Bicicleta","Familia ","A pie","Cada Semana ",4,"Cada Semana","Mañana","5",NA,"Redes Sociales"
"152","42386","15h00 -17h00","Loja","H",0,"Las Pitas","90s","Mujer","Si","Redes Sociales","No","A veces","Bicicleta","Sólo","A pie","Cada Semana ",4,"Cada Semana","Mañana","4",NA,"Redes Sociales"
"153","42386",NA,"Parque Bolivar","G",NA,"Las Pitas","90s","Mujer","Si","Redes Sociales","No","A veces","Bicicleta","Familia ","A pie","o",5,"Cada Semana","Mañana","3",NA,"Redes Sociales"
"154",NA,NA,NA,"F",NA,"Centro","90s","Hombre","Si","Redes Sociales","No","A veces","Bicicleta","Sólo","A pie","Cada Semana ",5,"Mensual","Mañana","4",NA,"Redes Sociales"
"155","42019","15h00 -17h00","Loja","I",0,"La Paz","90s","Hombre","Si","Redes Sociales","Si","A veces","Bicicleta","Amigos","A pie","Cada Semana ",3,"Mensual","Mañana","3","Me  parece una buena idea que se organice una ciclovía","Redes Sociales"
"156","17/01/16","11h00-13h10","Parque Bolivar","E",NA,"Cdl. 8 de diciembre","90s","Mujer","Si","Redes Sociales",NA,"A veces","Bicicleta","Familia ","No Salgo",NA,5,"Cada Semana","Tarde","3",NA,"Redes Sociales"
"157","17/01/16","11h00-13h11","Parque Bolivar","E",NA,"Cdl. 8 de diciembre","80s","Hombre","Si","Redes Sociales","No","No","A pie","Familia ","A pie","Cada día",5,"Cada Semana","Mañana","1","Implementar alquiler de bisicletas para los que no poseen una, asi seria mas participantes","Redes Sociales"
"158","17/01/2016","10h00-12h00","Parque Bolivar","D",NA,"Sauces Norte ","80s","Hombre","Si","Redes Sociales","No","No",NA,NA,"A pie","Cada día",4,"Nunca","Tarde","4",NA,"Redes Sociales"
"159","17/01/16","11h00-13h04","Parque Bolivar","E",NA,"El electrisista","90s","Hombre","Si","Redes Sociales","No","No","Otros","Sólo","A pie","Cada día",4,"De vez en cuando","Noche","5",NA,"Redes Sociales"
"160","42386","12h00-13h00","Punzara","A",1,"El Valle","90s","Hombre","Si","Redes Sociales","No","No",NA,NA,"A pie","Cada día",5,"De vez en cuando","Mañana","5",NA,"Redes Sociales"
"161","42386",NA,"Parque Bolivar","G",NA,"Iv Centenario","90s","Hombre","Si","Redes Sociales","No","No",NA,NA,"A pie","Cada día",5,"Cada Semana","Mañana","5",NA,"Redes Sociales"
"162","42386",NA,"Parque Bolivar","G",NA,"San Sebastián","90s","Hombre","Si","Redes Sociales","No","No",NA,NA,"A pie","Cada día",4,"De vez en cuando","Mañana","4",NA,"Redes Sociales"
"163","42386",NA,"Parque Bolivar","G",NA,"Belen ","90s","Hombre","Si","Redes Sociales","No","No",NA,NA,"A pie","Cada día",3,"De vez en cuando","Mañana","3",NA,"Redes Sociales"
"164","42386",NA,"Parque Bolivar","G",NA,"Carigan","90s","Hombre","Si","Redes Sociales","No","No",NA,NA,"A pie","Cada día",5,"De vez en cuando","Mañana","3",NA,"Redes Sociales"
"165","42386",NA,"Parque Bolivar","G",NA,"Las Peñas","90s","Mujer","Si","Redes Sociales","No","No",NA,NA,"A pie","Cada día",1,"Nunca","Noche","2",NA,"Redes Sociales"
"166","17/01/2016","10h00-12h00","Parque Bolivar","D",NA,"Cid. 8 de diciembre","90s","Hombre","Si","Redes Sociales","Si","No",NA,NA,"A pie","Cada día",3,"De vez en cuando","Tarde","5",NA,"Redes Sociales"
"167","17/01/2016","10h00-12h00","Parque Bolivar","D",NA,"Celi Roman","90s","Mujer","Si","Redes Sociales","Si","No",NA,NA,"A pie","Cada día",3,"De vez en cuando","Tarde","5","ayuda a la contaminacion del medio ambiente.","Redes Sociales"
"168","17/01/2016","10h00-12h00","Parque Bolivar","D",NA,"Las Pitas","90s","Mujer","Si","Redes Sociales","Si","No",NA,NA,"Bus","Cada día",5,"Cada Semana","Mañana","5",NA,"Redes Sociales"
"169","17/01/2016","10h00-12h00","Parque Bolivar","D",NA,"La Tebaida","90s","Mujer","Si","Redes Sociales","No","No",NA,NA,"A pie","Cada día",4,"De vez en cuando","Mañana","3","estilo sano de vida.","Redes Sociales"
"170","42384","14:30h00-18:30h00","Supermaxi","B",1,"Conzacola","90s","Mujer","Si","Redes Sociales","Si","No",NA,NA,"A pie","Cada día",5,"Cada Semana","Mañana","5 y 1",NA,"Redes Sociales"
"171","42384","17:00h00-18:30h00","Universidad Nacional de Loja","B",1,"Esteban Godoy","90s","Mujer","Si","Redes Sociales","Si","No",NA,NA,"Otro Vehículo","Cada día",5,"Mensual","Mañana","5",NA,"Redes Sociales"
"172","42383","15h00 -17h00","Loja","I",0,"Las Pitas","90s","Hombre","Si","Redes Sociales","No","No",NA,NA,"A pie","Cada día",3,"De vez en cuando","Noche","3",NA,"Redes Sociales"
"173","42384","15h00 -17h00","Loja","K",0,"Las Pitas","90s","Mujer","Si","Redes Sociales","Si","No",NA,NA,"A pie","Cada día",5,"Mensual","Tarde","5","El cierre de las calles deberia ser mas frecuente en determinados horarios","Redes Sociales"
"174","17/01/16","11h00-13h21","Parque Bolivar","E",NA,"Daniel Alvarez",NA,NA,"Si","Redes Sociales","Si","No",NA,NA,"A pie","Cada día",1,"Mensual","Tarde","5","No estoy deacuerdo por que paralizan las actividades domingeras. (misa, mercado libre)","Redes Sociales"
"175","17/01/16","11h00-13h20","Parque Bolivar","E",NA,"Daniel Alvarez","90s","Mujer","Si","Redes Sociales","No","No","A pie","Familia ","A pie","Cada Semana ",4,"De vez en cuando","Tarde","1","De veria mejor su horario. Tipo 16:00-18:00","Redes Sociales"
"176","42386","12h00-13h00","Punzara","A",1,"Argelia","90s","Hombre","Si","Redes Sociales","No","No",NA,NA,"A pie","Cada Semana ",4,"De vez en cuando","Mañana","5",NA,"Redes Sociales"
"177","42384","14:30h00-18:30h00","Supermaxi","B",1,"San Sebastián","80s","Mujer","Si","Redes Sociales","No","No",NA,NA,"A pie","De vez en cuando",1,"Nunca","Mañana","2",NA,"Redes Sociales"
"178","42384","16h00-17h00","Parque Bolivar","C",NA,"Centro","70s","Hombre","Si","Redes Sociales","Si","No","No","No","Bicicleta ","Cada Semana ",5,"Mensual","Tarde","3",NA,"Redes Sociales"
"179","17/01/2016","10h00-12h00","Parque Bolivar","D",NA,"Juan de Salinas","90s","Hombre","Si","Redes Sociales","No","No",NA,NA,"A pie","Cada Semana ",5,"Cada Semana","Mañana","5",NA,"Redes Sociales"
"180",NA,NA,NA,"F",NA,"Centro","90s","Mujer","Si","Redes Sociales","No","No",NA,NA,"Bicicleta ","Cada Semana ",5,"Cada Semana","Mañana","5",NA,"Redes Sociales"
"181","42019","15h00 -17h00","Loja","I",0,"La Paz","90s","Mujer","Si","Redes Sociales","Si","No",NA,NA,"A pie","Cada Semana ",5,"De vez en cuando","Mañana","5",NA,"Redes Sociales"
"182","42384","14h00-17h16","San Sebastian","C",NA,"Ciudad alegria","60s","Mujer","Si","Redes Sociales","Si","Si","Bicicleta","Amigos","A pie","Cada día",5,"De vez en cuando","Tarde","1",NA,"Redes Sociales"
"183","42384","14h00-17h23","San Sebastian","C",NA,"Zamora Huayco","80s","Mujer","Si","Redes Sociales","Si","Si","Bicicleta","Amigos","A pie","Cada día",5,"Mensual","Tarde","4",NA,"Redes Sociales"
"184","42386","12h00-13h00","Punzara","A",1,"San Jose","90s","Mujer","Si","Redes Sociales","Si","Si","Bicicleta y a pie","Amigos","Bicicleta y a pie","Cada día",5,"Cada Semana","Mañana","5",NA,"Redes Sociales"
"185","42386","15h00 -17h00","Loja","H",0,"Sauces","90s","Hombre","Si","Redes Sociales","No","Si","Bicicleta","Sólo","Bicicleta ","Cada día",5,"Cada Semana","Mañana","5",NA,"Redes Sociales"
"186","42386","15h00 -17h00","Loja","H",0,"Sauces","90s","Hombre","Si","Redes Sociales","No","Si","Bicicleta","Familia ","Bicicleta ","Cada Semana ",5,"Cada Semana","Mañana","5",NA,"Redes Sociales"
"187","42386","15h00 -17h00","Loja","H",0,"La Banda","90s","Hombre","Si","Redes Sociales","No","Si","Bicicleta","Familia ","Bicicleta ","Cada Semana ",4,"De vez en cuando","Mañana","4",NA,"Redes Sociales"
"188","42384","15h00 -17h00","Loja","J",0,"Motupe","90s","Mujer","Si","Redes Sociales","Si","Si","Bicicleta","Familia ","Bicicleta ","Cada Semana ",5,"Cada Semana","Mañana","5","Para la salud","Redes Sociales"
"189","42384","15h00 -17h00","Loja","K",0,"La Independencia","90s","Hombre","Si","Redes Sociales","Si","Si","Bicicleta","Amigos","Bicicleta ","Cada Semana ",5,"Cada Semana","Tarde","5","Beneficia a la salud","Redes Sociales"
"190","42386","15h00 -17h00","Loja","H",0,"La Banda","90s","Mujer","Si","Redes Sociales","No","Si","Bicicleta","Sólo","Bicicleta ","De vez en cuando",5,"Cada Semana","Mañana","5",NA,"Redes Sociales"
"191","42384","15h00 -17h00","Loja","K",0,"Motupe","80s","Hombre","Si","Redes Sociales","No",NA,NA,NA,"A pie","Cada día",3,"Mensual","Noche","5",NA,"Redes Sociales"
"192","42019","15h00 -17h00","Loja","I",0,"La Paz","90s","Mujer","Si","Redes Sociales","No",NA,NA,NA,"A pie","Cada día",3,"De vez en cuando","Noche","5",NA,"Redes Sociales"
"193","42384","15h00 -17h00","Loja","K",0,"El Valle","90s","Mujer","Si","Redes Sociales","No",NA,NA,NA,"A pie","Cada día",5,"Cada Semana","Tarde","5",NA,"Redes Sociales"
"194","42384","15h00 -17h00","Loja","K",0,"Las Pitas","90s","Hombre","Si","Redes Sociales","No",NA,NA,NA,"A pie","Cada día",1,"Nunca","Noche","1",NA,"Redes Sociales"
"195","42384","15h00 -17h00","Loja","K",0,"Motupe","80s","Hombre","Si","Redes Sociales","No",NA,NA,NA,"A pie","Cada Semana ",2,"De vez en cuando","Noche","1",NA,"Redes Sociales"
"196","42384","15h00 -17h00","Loja","K",0,"Sauces Norte ","90s","Mujer","Si","Redes Sociales","Si",NA,NA,NA,"Bicicleta ","Cada Semana ",5,"Mensual","Mañana","5",NA,"Redes Sociales"
"197","42386","12h00-13h00","Punzara","A",1,"Clodoveo","90s","Hombre","No","Otro","Si","No",NA,NA,"A pie","Cada día",5,"De vez en cuando","Noche","4",NA,"si"
"198","17/01/2016","10h00-12h00","Parque Bolivar","D",NA,"Las Palmas","60s","Mujer","No","Boca a boca","Si","No",NA,NA,"A pie","Cada día",1,"Nunca",NA,"1","fuera del centro","Taxista"
"199","17/01/2016","10h00-12h00","Parque Bolivar","D",NA,"Quito","60s","Hombre","Si","Boca a boca","No","No",NA,NA,"A pie","Cada día",1,"Nunca",NA,"1","interrumpe trafico","Taxista"
"200","42384","15h00 -17h00","Loja","K",0,"La Banda","60s","Mujer","Si","Prensa","Si","No",NA,NA,"A pie","Cada día",5,"Mensual","Mañana","5",NA,"Television"
"201","42384","15h00 -17h00","Loja","K",0,"La Banda","60s","Hombre","Si","Prensa","Si","No",NA,NA,"A pie","Cada Semana ",5,"De vez en cuando","Mañana","3",NA,"Television"
"202","17/01/2016","10h00-12h00","Parque Bolivar","D",NA,"Las Peñas","90s","Hombre","Si","Encuentro directo","No","No",NA,NA,"A pie","Cada día",4,"Cada Semana","Tarde","5",NA,"Veia"
"203","17/01/16","11h00-13h14","Parque Bolivar","E",NA,"San Sebastián","90s","Mujer","Si","Encuentro directo","No","No","No","Sólo","A pie","Cada día",1,"Nunca","Tarde","3","Pergudica alos negocios","Via cerrda"
"204","42384","15h00 -17h00","Loja","J",0,"La Banda","70s","Mujer","Si","Encuentro directo","No","No",NA,NA,"A pie","Cada Semana ",5,"Cada Semana","Tarde","5","Mas para la salud","Viendo "
"205","42386","12h00-13h00","Punzara","A",1,"San Rafael","90s","Hombre","No",NA,"Si","No","A pie","Sólo","A pie","Cada día",5,"Cada Semana","Mañana","5",NA,NA
"206","42386","12h00-13h00","Punzara","A",1,"San Vicente ","90s","Hombre","No",NA,"Si","No","A pie","Amigos","A pie","Cada día",5,"Cada Semana","Mañana","5",NA,NA
"207",NA,NA,NA,"F",NA,"Centro","90s","Mujer","No",NA,"Si","No","A pie","Amigos","A pie","Cada día",5,"Cada Semana","Mañana","5",NA,NA
"208","42386","12h00-13h00","Punzara","A",1,"Zamora","90s","Mujer","No",NA,"Si","No","Bicicleta","Familia ","Bicicleta ","De vez en cuando",5,"Cada Semana","Mañana","3",NA,NA
"209","17/2016","11h00-13h01","Parque Bolivar","E",NA,"Daniel Alvarez","00s","Hombre","No",NA,"No","No",NA,"Amigos","A pie","Cada día",5,"Mensual","Mañana","3",NA,NA
"210","42384","14h00-17h22","San Sebastian","C",NA,"Pedestal","50s","Mujer","No",NA,"No","No","No","No","A pie","Cada día",3,"De vez en cuando","Noche","5",NA,NA
"211","42384","14h00-17h25","San Sebastian","C",NA,"Rosales","50s","Mujer","No",NA,"No","No","No","No","A pie","Cada día",3,"Mensual","Noche","2",NA,NA
"212","42384","14h00-17h29","San Sebastian","C",NA,"Yahuarcuna","50s","Mujer","No",NA,"No","No","No","No","A pie","Cada día",4,"De vez en cuando","Noche","1",NA,NA
"213","17/01/16","11h00-13h07","Parque Bolivar","E",NA,"Daniel Alvarez","70s","Hombre","No",NA,"Si","No","A pie","Familia ","A pie","Cada día",2,"Mensual","Tarde","1",NA,NA
"214","42383","15h00 -17h00","Loja","I",0,"La Banda","70s","Hombre","No",NA,"No","No",NA,NA,"A pie","Cada día",1,"Nunca","Noche","1",NA,NA
"215","42384","14h00-17h04","San Sebastian","C",NA,"Esteban Godoy","70s","Hombre","No",NA,"No","No","No","No","A pie","Cada día",3,"De vez en cuando","Mañana","5",NA,NA
"216","42384","14h00-17h26","San Sebastian","C",NA,"La Tebaida","70s","Hombre","No",NA,"No","No","No","No","A pie","Cada día",4,"Cada Semana","Noche","5",NA,NA
"217","42384","14h00-17h18","San Sebastian","C",NA,"Daniel Alvarez","70s","Hombre","No",NA,"No","No","No","No","A pie","Cada día",2,"Cada Semana","Noche","4",NA,NA
"218","42386","15h00 -17h00","Loja","H",0,"La Paz","80s","Hombre","No",NA,"No","No",NA,NA,"A pie","Cada día",3,"Cada Semana","Mañana","4",NA,NA
"219","42386","15h00 -17h00","Loja","H",0,"La Paz","80s","Hombre","No",NA,"No","No",NA,NA,"A pie","Cada día",3,"De vez en cuando","Tarde","3",NA,NA
"220","42387","15h00 -17h00","Loja","H",0,"La Banda","80s","Hombre","No",NA,"No","No",NA,NA,"A pie","Cada día",3,"De vez en cuando","Noche","3",NA,NA
"221","42386","15h00 -17h00","Loja","H",0,"Las Pitas","80s","Hombre","No",NA,"No","No",NA,NA,"A pie","Cada día",3,"De vez en cuando","Mañana","2",NA,NA
"222","42384","15h00 -17h00","Loja","J",0,"Amable Maria","80s","Mujer","No",NA,NA,"No",NA,NA,"A pie","Cada día",1,NA,NA,"1",NA,NA
"223","42384","15:00h00-18:30h00","Parque Lineal","B",1,"Ciudadela ""El electricista""","80s","Mujer","No",NA,"No","No",NA,NA,"A pie","Cada día",5,"Cada Semana","Mañana","1",NA,NA
"224","42383","15h00 -17h00","Loja","I",0,"La Paz","80s","Hombre","No",NA,"No","No",NA,NA,"A pie","Cada día",3,"De vez en cuando","Noche","5",NA,NA
"225","42383","15h00 -17h00","Loja","I",0,"Las Pitas","80s","Mujer","No",NA,"No","No",NA,NA,"A pie","Cada día",5,"De vez en cuando","Mañana","5",NA,NA
"226","42383","15h00 -17h00","Loja","I",0,"Sauces Norte ","80s","Hombre","No",NA,"Si","No",NA,NA,"A pie","Cada día",5,"Cada Semana","Tarde","1","Me parece una buena alternativa para fortalecer el espíritu y la salud.",NA
"227","42384","14h00-17h13","San Sebastian","C",NA,"La Banda","80s","Hombre","No",NA,"No","No","No","No","A pie","Cada día",1,"Mensual","Noche","4",NA,NA
"228","42384","14h00-17h09","San Sebastian","C",NA,"Yahuarcuna","80s","Hombre","No",NA,"No","No","No","No","A pie","Cada día",3,"De vez en cuando","Mañana","4",NA,NA
"229","17/01/16","11h00-13h16","Parque Bolivar","E",NA,"San Vicente ","90s","Mujer","No",NA,"No","No","Otros",NA,"A pie","Cada día",2,"Nunca","Mañana","5","Se la podria realizar en otro lugar",NA
"230","17/01/16","11h00-13h17","Parque Bolivar","E",NA,"Daniel Alvarez","90s","Mujer","No",NA,"Si","No","Otros",NA,"A pie","Cada día",2,"Nunca","Mañana","5","Existen parques y no es necesario interumpir las via para que la gente se ejercite fisicamente",NA
"231","17/2016","11h00-13h03","Parque Bolivar","E",NA,"El electrisista","90s","Mujer","No",NA,"No","No","A pie","Amigos","A pie","Cada día",1,"Mensual","Mañana","1",NA,NA
"232","42386","12h00-13h00","Punzara","A",1,"Sauces","90s","Hombre","No",NA,"No","No",NA,NA,"A pie","Cada día",3,"Cada Semana","Noche","4",NA,NA
"233","42386","12h00-13h00","Punzara","A",1,"Estadio R.C","90s","Hombre","No",NA,"No","No",NA,NA,"A pie","Cada día",3,"Cada Semana","Mañana","4",NA,NA
"234","42386","12h00-13h00","Punzara","A",1,"Cuarto centenario","90s","Mujer","No",NA,"No","No",NA,NA,"A pie","Cada día",5,"De vez en cuando","Noche","3",NA,NA
"235","42387","15h00 -17h00","Loja","H",0,"La Paz","90s","Hombre","No",NA,"No","No",NA,NA,"A pie","Cada día",3,"De vez en cuando","Noche","3",NA,NA
"236","42386","15h00 -17h00","Loja","H",0,"Las Pitas","90s","Hombre","No",NA,"No","No",NA,NA,"Moto","Cada día",3,"De vez en cuando","Mañana","3",NA,NA
"237","42386","15h00 -17h00","Loja","H",0,"Las Pitas","90s","Hombre","No",NA,"No","No",NA,NA,"A pie","Cada día",4,"Nunca","Noche","2",NA,NA
"238","42384","17:40h00-18:30h00","Tebaida","B",1,"Los Arupos","90s","Hombre","No",NA,"No","No",NA,NA,"A pie","Cada día",4,"De vez en cuando","Tarde","5",NA,NA
"239","42384","16:00h00-18:30h00","Cancha ""La Tebaida""","B",1,"Clodoveo","90s","Hombre","No",NA,"No","No",NA,NA,"Bicicleta y a pie","Cada día",5,"Cada Semana","Tarde","5",NA,NA
"240","42384","14:30h00-18:30h00","Supermaxi","B",1,"San Cayetano","90s","Mujer","No",NA,"No","No",NA,NA,"A pie","Cada día",5,"Cada Semana","Mañana","4",NA,NA
"241","42383","15h00 -17h00","Loja","I",0,"Las Pitas","90s","Hombre","No",NA,"No","No",NA,NA,"A pie","Cada día",3,"Mensual","Mañana","5",NA,NA
"242","42384","14h00-17h15","San Sebastian","C",NA,"Argelia","90s","Hombre","No",NA,"No","No","No","No","A pie","Cada día",2,"Mensual","Mañana","5",NA,NA
"243","42384","14h00-17h20","San Sebastian","C",NA,"Yahuarcuna","90s","Hombre","No",NA,"No","No","No","No","A pie","Cada día",2,"Mensual","Mañana","5",NA,NA
"244","42384","14h00-17h07","San Sebastian","C",NA,"La Tebaida","90s","Hombre","No",NA,"No","No","No","No","A pie","Cada día",3,"Mensual","Tarde","5",NA,NA
"245","42384","14h00-17h03","San Sebastian","C",NA,"La Banda","90s","Mujer","No",NA,"No","No","No","No","A pie","Cada día",4,"Mensual","Tarde","5",NA,NA
"246","42384","14h00-17h01","San Sebastian","C",NA,"San Pedro","90s","Mujer","No",NA,"No","No","No","No","A pie","Cada día",4,"Mensual","Mañana","5",NA,NA
"247","42384","14h00-17h10","San Sebastian","C",NA,"Daniel Alvarez","90s","Hombre","No",NA,"No","No","No","No","A pie","Cada día",4,"De vez en cuando","Noche","4",NA,NA
"248","42384","14h00-17h11","San Sebastian","C",NA,"Zamora Huayco","90s","Mujer","No",NA,"No","No","No","No","A pie","Cada día",2,"Cada Semana","Tarde","3",NA,NA
"249","42384","14h00-17h14","San Sebastian","C",NA,"San Pedro","90s","Mujer","No",NA,"No","No","No","No","A pie","Cada día",3,"Cada Semana","Mañana","2",NA,NA
"250","42384","14h00-17h24","San Sebastian","C",NA,"Argelia","90s","Mujer","No",NA,"No","No","No","No","A pie","Cada día",1,"Mensual","Mañana","1",NA,NA
"251","17//2017","11h00-13h00","Parque Bolivar","E",NA,"San Sebastián","70s","Hombre","No",NA,"Si","No","Bicicleta","Sólo","Bicicleta ","Cada Semana ",3,"De vez en cuando","Tarde","1",NA,NA
"252","42386","12h00-13h00","Punzara","A",1,"Catamayo-Sanfrancisco","90s","Hombre","No",NA,"No","No",NA,NA,"A pie","Cada Semana ",5,"Cada Semana","Mañana","5",NA,NA
"253","42386","12h00-13h00","Punzara","A",1,"Esteban Godoy","90s","Hombre","No",NA,"No","No",NA,NA,"A pie","Cada Semana ",3,"Cada Semana","Mañana","3",NA,NA
"254","42386","12h00-13h00","Punzara","A",1,"Nueva Granada","90s","Hombre","No",NA,"Si","No",NA,NA,"A pie","Cada Semana ",5,"Nunca","Noche","1","esta bien que incentiven esta propuesta para el resto de gente",NA
"255","42384","15h00 -17h00","Loja","J",0,"Sauces Norte ","90s","Mujer","No",NA,NA,"No",NA,NA,"Otro Vehículo","Cada Semana ",2,"Mensual","Mañana","5","Seria bueno para mantener saludable ",NA
"256","42019","15h00 -17h00","Loja","I",0,"La Banda","90s","Mujer","No",NA,"No","No",NA,NA,"A pie","Cada Semana ",4,"Mensual","Mañana","4",NA,NA
"257","42386","15h00 -17h00","Loja","H",0,"Sauces","80s","Hombre","No",NA,"No","No",NA,NA,"A pie","De vez en cuando",3,"De vez en cuando","Tarde","3",NA,NA
"258","42384","15h00 -17h00","Loja","J",0,"Sauces Norte ","80s","Hombre","No",NA,"Si","No",NA,NA,"A pie","De vez en cuando",3,"De vez en cuando","Mañana","1",NA,NA
"259","42019","15h00 -17h00","Loja","I",0,"La Banda","80s","Mujer","No",NA,"No","No",NA,NA,"A pie","De vez en cuando",3,"Nunca","Ninguna","1",NA,NA
"260","42386","12h00-13h00","Punzara","A",1,"Clodoveo Jaramillo","90s","Mujer","No",NA,"No","No",NA,NA,"A pie","De vez en cuando",5,"Cada Semana","Mañana","5","meparece bien la creacion de la ciclovia",NA
"261","42386","15h00 -17h00","Loja","H",0,"La Banda","90s","Hombre","No",NA,NA,"No",NA,NA,"A pie","De vez en cuando",3,"Cada Semana","Mañana","4",NA,NA
"262","42386","15h00 -17h00","Loja","H",0,"Sauces","90s","Hombre","No",NA,"No","No",NA,NA,"A pie","De vez en cuando",3,"Mensual","Tarde","3",NA,NA
"263","42386","15h00 -17h00","Loja","H",0,"Las Pitas","90s","Mujer","No",NA,"No","No",NA,NA,"A pie","De vez en cuando",1,"Nunca",NA,"1",NA,NA
"264","42383","15h00 -17h00","Loja","I",0,"La Independencia","80s","Mujer","No",NA,"No","No",NA,NA,"A pie","Mensual",1,"De vez en cuando","Mañana","5",NA,NA
"265","42383","15h00 -17h00","Loja","I",0,"Urb. Caminos del Sol","80s","Mujer","No",NA,"No","No",NA,NA,"A pie","Mensual",1,"Nunca","Tarde","4","Brinda beneficios a la salud",NA
"266","42383","15h00 -17h00","Loja","I",0,"Urb. Caminos del Sol","90s","Mujer","No",NA,"No","No",NA,NA,"A pie","Mensual",5,"Mensual","Mañana","4","Para mejorar la salud",NA
"267","42383","15h00 -17h00","Loja","I",0,"Las Pitas","80s","Mujer","No",NA,"No","No",NA,NA,"A pie","Cada Semana ",2,"Mensual","Mañana","5",NA,NA
"268","17/01/16","11h00-13h26","Parque Bolivar","E",NA,"El electrisista","90s","Mujer","No",NA,"No","Si","Bicicleta","Amigos","A pie","De vez en cuando",5,"Cada Semana","Mañana","1",NA,NA
"269","17/01/16","11h00-13h19","Parque Bolivar","E",NA,"Los Geranios","50s","Mujer","No",NA,"No","No",NA,NA,"A pie","Cada día",4,"De vez en cuando","Tarde","3","Es una buena iniciativa pero sin embargo nose deveria realizar en centro de la ciudad",NA
"270",NA,NA,NA,"F",NA,"Centro","60s","Hombre","No",NA,"No","No",NA,NA,"A pie","Cada día",4,"Mensual","Noche","4","tanto a la cuidad, pero aun mas a la salud",NA
"271","42384","15h00 -17h00","Loja","K",0,"Las Pitas","60s","Hombre","No",NA,"No","No",NA,NA,"A pie","Cada día",3,"Nunca","Noche","1",NA,NA
"272","42384","15h00 -17h00","Loja","K",0,"Las Pitas","60s","Mujer","No",NA,"No","No",NA,NA,"A pie","Cada día",4,"Nunca","Noche","1",NA,NA
"273","17/01/16","11h00-13h28","Parque Bolivar","E",NA,"Los Rosales","70s","Mujer","No",NA,"No","No",NA,NA,"A pie","Cada día",4,"Mensual","Tarde","5",NA,NA
"274","17/01/16","11h00-13h06","Parque Bolivar","E",NA,"Los Operadores","70s","Hombre","No",NA,"No","No",NA,NA,"A pie","Cada día",5,"Cada Semana","Mañana","5",NA,NA
"275","42384","15h00 -17h00","Loja","J",0,"La Banda","70s","Hombre","No",NA,"No","No",NA,NA,"A pie","Cada día",1,NA,NA,"1",NA,NA
"276",NA,NA,NA,"F",NA,"Centro","70s","Mujer","No",NA,"No","No",NA,NA,"A pie","Cada día",5,"Mensual","Tarde","1","porque tiene como nombre Ciudad Ecologica ",NA
"277","42384","15h00 -17h00","Loja","K",0,"Las Pitas","70s","Mujer","No",NA,"No","No",NA,NA,"A pie","Cada día",4,"De vez en cuando","Mañana","5",NA,NA
"278","42384","15h00 -17h00","Loja","K",0,"La Paz","70s","Hombre","No",NA,"No","No",NA,NA,"A pie","Cada día",1,"Nunca","Noche","1","Genera mucho trafico por el cierre de vias",NA
"279","17/01/16","11h00-13h12","Parque Bolivar","E",NA,"Cuarto centenario","80s","Hombre","No",NA,NA,"No",NA,NA,"A pie","Cada día",4,"De vez en cuando","Tarde","1",NA,NA
"280","42384","15h00 -17h00","Loja","J",0,"San Vicente ","80s","Hombre","No",NA,"No","No",NA,NA,"A pie","Cada día",5,"De vez en cuando","Noche","5","Para estar en forma",NA
"281","42384","15h00 -17h00","Loja","J",0,"El Valle","80s","Hombre","No",NA,"No","No",NA,NA,"A pie","Cada día",3,"De vez en cuando","Mañana","4","Para la salud",NA
"282","42384","15h00 -17h00","Loja","J",0,"Motupe","80s","Mujer","No",NA,"No","No",NA,NA,"A pie","Cada día",1,"Nunca",NA,"1","Se ve mas organizada",NA
"283","42384","15h00 -17h00","Loja","J",0,"Motupe","80s","Hombre","No",NA,"No","No",NA,NA,"A pie","Cada día",1,"Nunca",NA,"1","Ciudad Ecologica",NA
"284","42384","15h00 -17h00","Loja","J",0,"San Vicente ","80s","Mujer","No",NA,"No","No",NA,NA,"A pie","Cada día",1,"Nunca",NA,"1","Se ve mas Limpia",NA
"285","42384","15h00 -17h00","Loja","J",0,"Sauces Norte ","80s","Hombre","No",NA,"No","No",NA,NA,"A pie","Cada día",1,NA,NA,"1","Para beneficio y desarrollo de la ciudad ",NA
"286",NA,NA,NA,"F",NA,"Centro","80s","Mujer","No",NA,"No","No",NA,NA,"A pie","Cada día",5,"Mensual","Mañana","4",NA,NA
"287","42019","15h00 -17h00","Loja","I",0,"La Paz","80s","Mujer","No",NA,"Si","No",NA,NA,"A pie","Cada día",5,"Cada Semana","Mañana","5",NA,NA
"288","42019","15h00 -17h00","Loja","I",0,"La Paz","80s","Hombre","No",NA,"No","No",NA,NA,"A pie","Cada día",4,"De vez en cuando","Mañana","4",NA,NA
"289","42383","15h00 -17h00","Loja","I",0,"Amable Maria","80s","Mujer","No",NA,"No","No",NA,NA,"A pie","Cada día",5,"Mensual","Noche","1","Sería interesante que en Loja se apliquen más proyectos de ciclo vía",NA
"290","42384","15h00 -17h00","Loja","K",0,"Sauces Norte ","80s","Hombre","No",NA,"No","No",NA,NA,"A pie","Cada día",5,"Cada Semana","Tarde","4",NA,NA
"291","42384","15h00 -17h00","Loja","K",0,"La Banda","80s","Hombre","No",NA,"Si","No",NA,NA,"A pie","Cada día",3,"De vez en cuando","Mañana","3",NA,NA
"292","42384","15h00 -17h00","Loja","K",0,"Jipiro","80s","Mujer","No",NA,"No","No",NA,NA,"A pie","Cada día",4,"De vez en cuando","Tarde","3",NA,NA
"293","42384","15h00 -17h00","Loja","K",0,"Urb. Caminos del Sol","80s","Hombre","No",NA,"No","No",NA,NA,"A pie","Cada día",4,"De vez en cuando","Noche","2","Pocas personas cuentas con tiempo para asistir",NA
"294","17/01/16","11h00-13h27","Parque Bolivar","E",NA,"La Tebaida","90s","Mujer","No",NA,"No","No",NA,NA,"A pie","Cada día",5,"Cada Semana","Mañana","5",NA,NA
"295","42384","15h00 -17h00","Loja","J",0,"San Vicente ","90s","Mujer","No",NA,"No","No",NA,NA,"A pie","Cada día",5,"De vez en cuando","Tarde","5","Menos Carros mas bicicletas",NA
"296","42384","15h00 -17h00","Loja","J",0,"La Banda","90s","Mujer","No",NA,"No","No",NA,NA,"A pie","Cada día",5,"Cada Semana","Mañana","5","No contamina tanto a la ciudad y ayuda a menos trafico",NA
"297","42384","15h00 -17h00","Loja","J",0,"El Valle","90s","Hombre","No",NA,"No","No",NA,NA,"A pie","Cada día",1,"De vez en cuando","Noche","1","Mas ecologica",NA
"298",NA,NA,NA,"F",NA,"Centro","90s","Mujer","No",NA,"No","No",NA,NA,"A pie","Cada día",4,"Cada Semana","Tarde","4",NA,NA
"299","42383","15h00 -17h00","Loja","I",0,"Amable Maria","90s","Mujer","No",NA,"No","No",NA,NA,"A pie","Cada día",4,"De vez en cuando","Noche","4","Considero que es muy bueno para la salud",NA
"300","42383","15h00 -17h00","Loja","I",0,"Amable Maria","90s","Hombre","No",NA,"No","No",NA,NA,"A pie","Cada día",5,"Cada Semana","Noche","4","Sí porque se ve una ciudad organizada",NA
"301","42384","15h00 -17h00","Loja","K",0,"Amable Maria","90s","Mujer","No",NA,"No","No",NA,NA,"A pie","Cada día",3,"De vez en cuando","Noche","3",NA,NA
"302","42384","15h00 -17h00","Loja","K",0,"Amable Maria","90s","Hombre","No",NA,"Si","No",NA,NA,"A pie","Cada día",1,"Nunca","Noche","2",NA,NA
"303","42384","15h00 -17h00","Loja","K",0,"El Valle","90s","Mujer","No",NA,"No","No",NA,NA,"A pie","Cada día",1,"Nunca","Tarde","1","Beneficios para la ciudad",NA
"304","42384","15h00 -17h00","Loja","K",0,"Sauces Norte ","90s","Hombre","No",NA,"No","No",NA,NA,"A pie","Cada día",1,"Nunca","Tarde","1",NA,NA
"305",NA,NA,NA,"F",NA,"Centro","50s","Hombre","No",NA,"No","No",NA,NA,"A pie","Cada Semana ",3,"Nunca","Mañana","5",NA,NA
"306",NA,NA,NA,"F",NA,"Centro","50s","Hombre","No",NA,"No","No",NA,NA,"A pie","Cada Semana ",3,"De vez en cuando","Noche","4",NA,NA
"307","17/01/16","11h00-13h22","Parque Bolivar","E",NA,"Esteban Godoy","60s","Hombre","No",NA,"No","No",NA,NA,"A pie","Cada Semana ",2,"Mensual","Noche","5",NA,NA
"308","17/01/16","11h00-13h24","Parque Bolivar","E",NA,"Esteban Godoy","90s","Mujer","No",NA,"No","No",NA,NA,"A pie","Cada Semana ",2,"De vez en cuando","Tarde","5",NA,NA
"309","42384","15h00 -17h00","Loja","J",0,"La Banda","90s","Mujer","No",NA,"No","No",NA,NA,"A pie","Cada Semana ",5,"Mensual","Noche","5","Para la salud",NA
"310","42384","15h00 -17h00","Loja","J",0,"Las Pitas","90s","Mujer","No",NA,"No","No",NA,NA,"A pie","Cada Semana ",5,"Mensual","Mañana","5",NA,NA
"311","42384","15h00 -17h00","Loja","J",0,"La Paz","90s","Hombre","No",NA,"No","No",NA,NA,"A pie","Cada Semana ",1,"Nunca",NA,"1",NA,NA
"312","42384","15h00 -17h00","Loja","K",0,"La Banda","90s","Hombre","No",NA,"No","No",NA,NA,"Patineta","Cada Semana ",4,"Cada Semana","Tarde","5",NA,NA
"313","42384","15h00 -17h00","Loja","K",0,"Sauces Norte ","90s","Mujer","No",NA,"No","No",NA,NA,"A pie","Cada Semana ",4,"De vez en cuando","Noche","4","Beneficia a la salud",NA
"314","17/01/16","11h00-13h05","Parque Bolivar","E",NA,"San Cayetano","80s","Hombre","No",NA,"No","No",NA,NA,"A pie","De vez en cuando",5,"Cada Semana","Mañana","1",NA,NA
"315",NA,NA,NA,"F",NA,"Centro","80s","Hombre","No",NA,"No","No",NA,NA,"Bicicleta ","De vez en cuando",4,"De vez en cuando","Mañana","3",NA,NA
"316","42384","15h00 -17h00","Loja","J",0,"La Banda","90s","Hombre","No",NA,"No","No",NA,NA,"Bicicleta ","De vez en cuando",5,"Mensual","Mañana","5","Para la salud",NA
"317","42384","15h00 -17h00","Loja","J",0,"La Banda","90s","Mujer","No",NA,"No","No",NA,NA,"A pie","De vez en cuando",5,"Mensual","Mañana","5","Para la salud",NA
"318","42384","15h00 -17h00","Loja","K",0,"La Banda","90s","Mujer","No",NA,"No","No",NA,NA,"A pie","De vez en cuando",5,"Cada Semana","Tarde","5","Menos accidentes",NA
"319","42019","15h00 -17h00","Loja","I",0,"La Paz","60s","Hombre","No",NA,"No","No",NA,NA,"A pie","Mensual",4,"Mensual","Tarde","1",NA,NA
"320","42384","15h00 -17h00","Loja","J",0,"La Paz","90s","Hombre","No",NA,"No","No",NA,NA,"Bicicleta ","Mensual",5,"Cada Semana","Mañana","5","Para la salud",NA
"321","42019","15h00 -17h00","Loja","I",0,"Amable Maria","90s","Hombre","No",NA,"Si","No",NA,NA,"A pie","Mensual",5,"De vez en cuando","Tarde","4",NA,NA
"322","42384","15h00 -17h00","Loja","K",0,"Sauces Norte ","90s","Hombre","No",NA,"No","No",NA,NA,"A pie","Mensual",4,"De vez en cuando","Mañana","4",NA,NA
"323","17/01/16","11h00-13h23","Parque Bolivar","E",NA,"San Pedro","80s","Hombre","No",NA,"No","No",NA,NA,"A pie","Rara vez",4,"Mensual","Mañana","3","Disfrutar de la ciclo via",NA
"324",NA,NA,NA,"F",NA,"Centro","60s","Mujer","No",NA,"No","No",NA,NA,"A pie","Cada Semana ",4,"De vez en cuando","Tarde","5",NA,NA
"325",NA,NA,NA,"F",NA,"Centro","60s","Mujer","No",NA,"No","No",NA,NA,"A pie","Cada Semana ",4,"De vez en cuando","Mañana","5","ayuda a la salud ",NA
"326",NA,NA,NA,"F",NA,"Centro","60s","Mujer","No",NA,"No","No",NA,NA,"A pie","Cada Semana ",4,"Mensual","Noche","4",NA,NA
"327",NA,NA,NA,"F",NA,"Centro","80s","Hombre","No",NA,"No","No",NA,NA,"A pie","Cada Semana ",4,"De vez en cuando","Noche","5","por la salud, el corazon y no subir de peso",NA
"328",NA,NA,NA,"F",NA,"Centro","80s","Hombre","No",NA,"No","No",NA,NA,"Otro Vehículo","Cada Semana ",5,"Cada Semana","Tarde","5",NA,NA
"329","42383","15h00 -17h00","Loja","I",0,"Amable Maria","90s","Mujer","No",NA,"No","No",NA,NA,"A pie","Cada Semana ",3,"Mensual","Tarde","4","Si porque se nota que hay organización.",NA
"330","42384","15h00 -17h00","Loja","K",0,"Urb. Caminos del Sol","90s","Mujer","No",NA,"No","No",NA,NA,"A pie","Cada Semana ",2,"De vez en cuando","Noche","4","Bueno para hacer actividad fisica",NA
"331","42384","15h00 -17h00","Loja","K",0,"Sauces Norte ","90s","Hombre","Si","Otro","No",NA,NA,NA,"A pie","Cada día",5,"De vez en cuando","Mañana","5",NA,NA
